staff_id,name,ministry,grade_level,years_of_service,basic_salary,housing_allowance,transport_allow,tax_deduction,pension,net_pay,bank,bank_account,employment_date,status,dept_code
LGS10000,Ngozi Williams,Health,GL-16,7,607318.81,,94913.14,49682.07,23526.69,,Access,8585083236,1995-03-21,Deceased,LAGOS_GOV
LGS10001,Fatima Bello,Finance,GL-12,32,419746.77,116853.75,75442.06,41409.46,28682.62,,First Bank,6820552233,2018-04-11,active,LAGOS_GOV
LGS10002,Rotimi Cole,Works,GL-06,29,652657.05,151517.26,40395.63,69692.07,,,Access,4117531351,2013-12-08,Deceased,LAGOS_GOV
LGS10003,Emeka Chisom,Health,GL-10,20,60406.78,190630.66,18936.69,13181.63,33298.54,,Zenith,8676854063,2016-08-03,RETIRED,LAGOS_GOV
LGS10004,Rotimi Cole,Finance,GL-14,9,723285.61,133667.21,41760.55,72039.79,13740.6,,UBA,2113468577,2002-10-24,RETIRED,LAGOS_GOV
LGS10005,Rotimi Cole,Transport,GL-16,11,768330.52,,,77480.94,43569.73,,UBA,1508029649,2003-07-16,active,LAGOS_GOV
LGS10006,Rotimi Cole,Finance,GL-06,16,169456.22,192867.12,43068.96,47964.33,32918.12,,Zenith,1913859684,2002-08-27,Deceased,LAGOS_GOV
LGS10007,Aisha Mohammed,Health,GL-12,16,98603.09,188338.86,19411.5,76327.68,14786.96,,GTBank,5813897253,2009-01-13,RETIRED,LAGOS_GOV
LGS10008,Emeka Chisom,Education,GL-08,26,774059.28,,83476.17,35483.79,31177.71,,Sterling,2843194296,2015-04-17,Active,LAGOS_GOV
LGS10009,Ngozi Williams,Housing,GL-16,4,254230.02,,,40805.71,17432.05,,Zenith,2424265447,2000-09-25,ACTIVE,LAGOS_GOV
LGS10010,Ngozi Williams,Finance,GL-10,31,206974.06,42541.03,26867.67,66743.59,40606.89,,Access,3260829746,2010-02-23,active,LAGOS_GOV
LGS10011,Ngozi Williams,Health,GL-10,23,169245.2,40469.59,46601.35,69896.41,44549.62,,Ecobank,6540561612,1996-04-01,active,LAGOS_GOV
LGS10012,Emeka Chisom,Housing,GL-08,19,211210.19,151384.45,22441.99,73965.88,23424.36,,GTBank,4748902769,2016-05-16,RETIRED,LAGOS_GOV
LGS10013,Fatima Bello,Housing,GL-06,26,439262.85,,29910.11,76115.27,33024.94,,Access,7223465036,2000-03-22,RETIRED,LAGOS_GOV
LGS10014,Aisha Mohammed,Health,GL-14,13,320903.58,122940.73,23667.7,27964.44,40958.32,,First Bank,4821215253,2009-09-29,Deceased,LAGOS_GOV
LGS10015,Ngozi Williams,Works,GL-06,5,74858.07,,96941.34,40603.2,6918.56,,UBA,3745177957,2007-02-27,Deceased,LAGOS_GOV
LGS10016,Rotimi Cole,Transport,GL-10,20,100069.25,157911.58,,60853.69,37742.43,,Zenith,3902539014,2005-09-07,active,LAGOS_GOV
LGS10017,Rotimi Cole,Finance,GL-06,28,397463.27,,,54304.78,14411.91,,Ecobank,5104064084,2015-10-05,Deceased,LAGOS_GOV
LGS10018,Ngozi Williams,Justice,GL-08,11,452119.58,74482.81,87392.05,29952.41,20489.92,,Ecobank,6174851377,2002-09-30,Deceased,LAGOS_GOV
LGS10019,Emeka Chisom,Justice,GL-16,30,391635.12,145689.1,98192.53,22029.35,21049.52,,Sterling,5854764732,2019-09-17,Deceased,LAGOS_GOV
LGS10020,Emeka Chisom,Health,GL-14,9,178571.77,91749.65,29629.81,34590.48,,,First Bank,2075343289,1995-06-06,RETIRED,LAGOS_GOV
LGS10021,Ngozi Williams,Works,GL-06,9,242718.0,100739.02,32307.74,52522.95,42332.65,,Sterling,3540743435,2003-11-14,Deceased,LAGOS_GOV
LGS10022,Ngozi Williams,Transport,GL-16,11,131080.62,,74332.56,55119.78,42595.32,,Sterling,6139048574,2007-05-14,active,LAGOS_GOV
LGS10023,Aisha Mohammed,Transport,GL-14,1,658062.64,120284.17,90743.1,26065.98,20970.73,,Zenith,7894983326,2002-08-28,RETIRED,LAGOS_GOV
LGS10024,Emeka Chisom,Justice,GL-16,31,141662.03,136001.43,53406.67,74384.32,11494.7,,Zenith,7784298957,2013-02-15,active,LAGOS_GOV
LGS10025,Emeka Chisom,Works,GL-10,14,690700.08,153275.63,88059.01,17418.43,44093.71,,GTBank,3541918000,1999-04-02,ACTIVE,LAGOS_GOV
LGS10026,Rotimi Cole,Transport,GL-12,10,661120.93,34869.29,97209.1,56524.91,,,First Bank,8444461231,1999-12-02,ACTIVE,LAGOS_GOV
LGS10027,Rotimi Cole,Justice,GL-08,25,380015.67,106961.03,93826.48,20275.52,48194.36,,Zenith,4906446734,2021-11-01,Deceased,LAGOS_GOV
LGS10028,Fatima Bello,Health,GL-14,-1,722756.95,100754.07,48776.29,48331.24,13748.57,,Access,8973917692,2013-03-05,ACTIVE,LAGOS_GOV
LGS10029,Aisha Mohammed,Finance,GL-06,23,518975.99,27685.57,79417.46,68576.54,16333.23,,First Bank,5718073647,2012-08-04,RETIRED,LAGOS_GOV
LGS10030,Emeka Chisom,Transport,GL-10,1,450806.5,120743.05,28416.48,25917.63,37360.51,,Sterling,9876485404,2005-12-16,RETIRED,LAGOS_GOV
LGS10031,Fatima Bello,Transport,GL-10,4,548969.2,183834.78,,44841.16,26042.56,,First Bank,4249976888,2014-04-04,Active,LAGOS_GOV
LGS10032,Babatunde Raji,Housing,GL-16,7,363530.13,102929.18,27008.93,19860.49,22524.92,,Ecobank,8327484952,2010-07-24,ACTIVE,LAGOS_GOV
LGS10033,Rotimi Cole,Justice,GL-16,30,154246.79,95495.1,51253.25,71061.48,41934.78,,Access,8509292722,2012-10-04,active,LAGOS_GOV
LGS10034,Babatunde Raji,Housing,GL-12,15,726442.28,23411.36,70220.11,35505.09,48391.7,,Ecobank,6090449321,1997-11-06,ACTIVE,LAGOS_GOV
LGS10035,Emeka Chisom,Finance,GL-06,17,509714.08,111376.19,53676.0,6594.86,39497.07,,First Bank,6371521884,2000-01-09,Deceased,LAGOS_GOV
LGS10036,Rotimi Cole,Finance,GL-14,23,315535.9,99232.55,80691.85,42516.79,,,Ecobank,7174230613,2004-10-12,Active,LAGOS_GOV
LGS10037,Babatunde Raji,Health,GL-14,-1,576804.02,157486.24,24873.64,32048.17,49444.99,,GTBank,8390991741,2012-02-16,Deceased,LAGOS_GOV
LGS10038,Rotimi Cole,Works,GL-06,22,453230.9,,33909.37,38685.62,16646.62,,GTBank,4849298120,2005-06-21,active,LAGOS_GOV
LGS10039,Rotimi Cole,Education,GL-12,3,216261.17,,37212.45,33050.85,,,Sterling,9568475184,1997-09-09,active,LAGOS_GOV
LGS10040,Ngozi Williams,Finance,GL-08,23,685736.0,112807.58,54251.23,10737.78,15684.32,,UBA,9533974217,2020-06-07,ACTIVE,LAGOS_GOV
LGS10041,Fatima Bello,Health,GL-06,18,253016.03,124785.55,98652.0,28754.77,36847.52,,Sterling,5709982030,2010-05-10,Deceased,LAGOS_GOV
LGS10042,Ngozi Williams,Housing,GL-14,9,433304.31,151421.97,95713.99,25068.09,33701.19,,Zenith,1044083197,2020-07-29,ACTIVE,LAGOS_GOV
LGS10043,Ngozi Williams,Justice,GL-14,2,622840.35,29000.04,51758.42,57179.44,46540.99,,Ecobank,8394930610,2022-01-31,Deceased,LAGOS_GOV
LGS10044,Rotimi Cole,Housing,GL-10,17,782629.07,39508.66,,22299.93,30888.0,,Sterling,1391056820,2010-01-07,active,LAGOS_GOV
LGS10045,Ngozi Williams,Health,GL-06,13,199201.29,80189.97,85374.89,78204.24,18452.31,,Sterling,6876537310,2002-01-03,Active,LAGOS_GOV
LGS10046,Fatima Bello,Housing,GL-10,30,474053.56,84810.92,29480.91,43579.88,32516.43,,First Bank,9651726240,2013-10-26,active,LAGOS_GOV
LGS10047,Ngozi Williams,Transport,GL-14,3,88274.35,95969.97,55556.79,41966.78,33125.56,,UBA,1394628607,2007-03-02,ACTIVE,LAGOS_GOV
LGS10048,Ngozi Williams,Works,GL-14,7,442778.32,68209.14,22436.57,33249.94,24692.83,,Ecobank,6937864070,1999-02-01,active,LAGOS_GOV
LGS10049,Ngozi Williams,Works,GL-10,28,444597.77,124001.82,,36806.67,23816.8,,Ecobank,5873018622,2000-12-13,Deceased,LAGOS_GOV
LGS10050,Emeka Chisom,Education,GL-06,4,551561.23,106646.01,16600.9,33697.37,19031.79,,Zenith,5258030621,2018-06-19,Deceased,LAGOS_GOV
LGS10051,Emeka Chisom,Agriculture,GL-10,4,522444.26,,39405.56,18998.6,19361.32,,UBA,3817066300,2002-07-24,Deceased,LAGOS_GOV
LGS10052,Fatima Bello,Education,GL-14,10,290741.79,195825.06,25462.33,65205.09,44401.79,,Ecobank,7035828575,2015-08-04,RETIRED,LAGOS_GOV
LGS10053,Ngozi Williams,Works,GL-10,1,363937.27,118356.32,56496.6,29383.75,16665.62,,Sterling,4532510074,2020-05-04,Active,LAGOS_GOV
LGS10054,Babatunde Raji,,GL-14,21,283855.51,67476.41,99212.82,42020.81,23606.63,,Ecobank,9708195377,2008-08-20,RETIRED,LAGOS_GOV
LGS10055,Babatunde Raji,Justice,GL-16,23,696977.16,106164.93,,66384.85,49629.15,,UBA,5033551279,2014-03-17,ACTIVE,LAGOS_GOV
LGS10056,Emeka Chisom,Housing,GL-08,18,792597.89,72356.74,99713.76,8988.15,42949.49,,Zenith,5890002425,2016-10-14,ACTIVE,LAGOS_GOV
LGS10057,Babatunde Raji,Justice,GL-16,32,792326.57,133758.01,92436.15,41004.24,12071.48,,GTBank,1600491191,2021-03-10,Deceased,LAGOS_GOV
LGS10058,Rotimi Cole,Housing,GL-12,14,708981.77,65737.99,65072.99,23171.5,32707.72,,UBA,8400666899,2001-10-16,Active,LAGOS_GOV
LGS10059,Babatunde Raji,Health,GL-12,19,586587.59,79985.92,27995.54,17872.04,34849.49,,UBA,9398330071,1997-12-09,active,LAGOS_GOV
LGS10060,Rotimi Cole,Transport,GL-06,18,630057.92,187995.14,45451.71,73748.26,8754.24,,Access,4676617614,2022-01-19,Deceased,LAGOS_GOV
LGS10061,Ngozi Williams,Agriculture,GL-06,19,148268.21,178880.22,77303.72,41820.39,7608.42,,First Bank,6696595702,2020-01-09,Deceased,LAGOS_GOV
LGS10062,Babatunde Raji,Transport,GL-08,-1,762943.05,133465.72,85410.31,70709.59,17999.91,,Sterling,8906285830,2015-05-16,active,LAGOS_GOV
LGS10063,Aisha Mohammed,Justice,GL-08,21,98056.02,,88888.17,48166.72,13423.88,,Sterling,5062129588,2010-10-11,RETIRED,LAGOS_GOV
LGS10064,Ngozi Williams,Housing,GL-16,27,559196.82,24242.48,30867.2,7527.69,12215.72,,Ecobank,1756847594,2007-08-06,active,LAGOS_GOV
LGS10065,Emeka Chisom,Finance,GL-08,32,585695.59,140490.5,50065.43,24736.9,22885.84,,Ecobank,7960925842,2015-09-19,active,LAGOS_GOV
LGS10066,Rotimi Cole,Agriculture,GL-16,4,775170.75,86920.4,,54607.35,34269.78,,First Bank,3723597848,2011-12-18,ACTIVE,LAGOS_GOV
LGS10067,Babatunde Raji,Agriculture,GL-10,24,430851.95,137060.32,81884.08,60325.13,17085.05,,Zenith,9445428755,2002-06-10,active,LAGOS_GOV
LGS10068,Aisha Mohammed,Transport,GL-14,4,283588.94,140504.54,97830.74,40130.02,28073.73,,UBA,3517754670,2011-01-25,Deceased,LAGOS_GOV
LGS10069,Aisha Mohammed,Transport,GL-12,26,563740.02,131261.67,51472.99,16925.07,,,Access,4935153363,2017-01-17,ACTIVE,LAGOS_GOV
LGS10070,Aisha Mohammed,Agriculture,GL-12,3,397320.88,39752.63,36182.83,34253.73,20234.56,,Zenith,8878568114,2021-03-30,Active,LAGOS_GOV
LGS10071,Babatunde Raji,Education,GL-10,9,466327.32,,82667.2,73552.14,,,UBA,3015013285,2019-06-23,ACTIVE,LAGOS_GOV
LGS10072,Babatunde Raji,,GL-16,26,113761.98,128068.37,79277.63,28544.42,47535.12,,Access,7749592876,2021-05-22,active,LAGOS_GOV
LGS10073,Rotimi Cole,Justice,GL-10,16,314070.24,61256.79,49048.18,67029.53,41725.89,,Ecobank,1816320025,1996-11-08,active,LAGOS_GOV
LGS10074,Ngozi Williams,Housing,GL-08,5,104203.75,112436.87,51862.54,5407.16,36213.13,,Ecobank,2833107820,2016-04-08,Deceased,LAGOS_GOV
LGS10075,Ngozi Williams,Health,GL-06,-1,780927.23,34647.13,56867.27,73791.61,40125.64,,Ecobank,7846641407,2010-10-01,Deceased,LAGOS_GOV
LGS10076,Ngozi Williams,Education,GL-06,7,448034.2,189478.37,,49729.64,41435.28,,First Bank,6757958042,2011-12-26,ACTIVE,LAGOS_GOV
LGS10077,Aisha Mohammed,Agriculture,GL-12,26,202168.72,165918.77,95034.25,41656.71,16344.25,,UBA,6925961237,2007-06-19,Deceased,LAGOS_GOV
LGS10078,Babatunde Raji,Justice,GL-16,7,270955.45,195902.76,33555.29,46504.96,6076.49,,UBA,5792954770,1999-02-13,Active,LAGOS_GOV
LGS10079,Emeka Chisom,Transport,GL-14,31,317683.66,174602.11,67984.62,49828.65,30755.77,,Ecobank,7618503810,2019-08-10,ACTIVE,LAGOS_GOV
LGS10080,Aisha Mohammed,,GL-14,3,364086.97,196368.75,56418.3,16400.04,31012.07,,Sterling,8602225087,2020-09-16,RETIRED,LAGOS_GOV
LGS10081,Ngozi Williams,Health,GL-14,29,472947.38,125489.49,87850.14,40041.04,,,Access,9523855470,2019-02-21,active,LAGOS_GOV
LGS10082,Emeka Chisom,Finance,GL-08,1,398123.87,198556.17,89935.45,55707.43,29818.95,,UBA,9994844114,2018-01-15,Deceased,LAGOS_GOV
LGS10083,Emeka Chisom,Transport,GL-08,-1,722697.09,20420.97,90529.9,66571.02,46120.9,,UBA,2294192765,1996-01-04,Deceased,LAGOS_GOV
LGS10084,Fatima Bello,Transport,GL-08,10,467557.36,199469.09,18394.12,31925.19,,,UBA,8292349062,2016-10-27,Active,LAGOS_GOV
LGS10085,Fatima Bello,Justice,GL-06,8,674106.07,,85044.13,42136.65,15776.62,,Access,6457934676,1999-10-01,Active,LAGOS_GOV
LGS10086,Babatunde Raji,Education,GL-12,9,468851.28,132549.04,77675.82,28687.76,,,GTBank,8899009608,2014-12-09,Active,LAGOS_GOV
LGS10087,Emeka Chisom,Education,GL-16,2,197907.67,22367.16,26493.4,27237.06,9363.23,,First Bank,1822142006,2017-08-10,ACTIVE,LAGOS_GOV
LGS10088,Emeka Chisom,Finance,GL-08,19,335353.74,174810.18,62214.24,5928.21,,,Sterling,7768890751,2000-01-23,RETIRED,LAGOS_GOV
LGS10089,Ngozi Williams,Agriculture,GL-08,-1,772306.65,,31916.8,17425.6,48967.84,,First Bank,2417447286,2001-07-10,Deceased,LAGOS_GOV
LGS10090,Babatunde Raji,,GL-14,18,169597.86,111900.38,50038.64,68307.65,37771.9,,First Bank,9568204754,2010-02-07,Deceased,LAGOS_GOV
LGS10091,Rotimi Cole,Housing,GL-12,27,104634.2,89619.85,64980.25,30523.86,21896.61,,Zenith,2124706895,2021-08-15,ACTIVE,LAGOS_GOV
LGS10092,Emeka Chisom,Finance,GL-14,8,121208.9,40715.91,76837.46,45293.37,18724.23,,GTBank,6334129938,2020-08-30,active,LAGOS_GOV
LGS10093,Ngozi Williams,Education,GL-14,3,539102.29,50973.43,33623.07,75383.96,14235.22,,Access,4762376157,2016-03-10,Deceased,LAGOS_GOV
LGS10094,Ngozi Williams,Finance,GL-14,18,472468.25,77033.08,,31626.83,5258.4,,Zenith,4555371234,1997-10-22,active,LAGOS_GOV
LGS10095,Ngozi Williams,Education,GL-06,33,757463.48,197242.53,96807.63,77781.27,,,Sterling,9913301628,2000-03-14,ACTIVE,LAGOS_GOV
LGS10096,Ngozi Williams,Housing,GL-14,33,643407.12,23560.35,97459.03,72995.73,,,GTBank,4319881703,2017-12-26,ACTIVE,LAGOS_GOV
LGS10097,Rotimi Cole,Housing,GL-10,32,667109.04,190227.77,,21134.77,42678.5,,Sterling,9409886498,2019-08-31,Deceased,LAGOS_GOV
LGS10098,Aisha Mohammed,Transport,GL-12,10,454246.73,190739.97,53092.12,39164.52,10477.03,,Access,1810918637,1997-04-01,ACTIVE,LAGOS_GOV
LGS10099,Rotimi Cole,Transport,GL-08,22,539066.53,40783.27,58431.92,49741.3,5764.65,,Ecobank,5175988318,2006-09-16,active,LAGOS_GOV
LGS10100,Aisha Mohammed,Education,GL-10,2,149103.71,141370.38,50168.05,79374.13,22707.59,,UBA,8380722345,2003-08-24,ACTIVE,LAGOS_GOV
LGS10101,Babatunde Raji,Justice,GL-12,22,107288.81,20719.53,34498.48,17810.47,20675.26,,First Bank,5671095868,2001-03-22,Active,LAGOS_GOV
LGS10102,Babatunde Raji,Finance,GL-12,15,527555.05,140535.05,23382.69,33575.9,14143.58,,Ecobank,4087585779,2017-05-03,ACTIVE,LAGOS_GOV
LGS10103,Ngozi Williams,Health,GL-16,6,402827.92,85629.84,43889.09,10644.97,33283.11,,Sterling,4072114073,1998-08-07,RETIRED,LAGOS_GOV
LGS10104,Emeka Chisom,Transport,GL-06,4,491734.65,143302.78,62570.66,20140.03,,,Access,7248188939,2002-10-22,active,LAGOS_GOV
LGS10105,Babatunde Raji,Finance,GL-12,18,274505.05,104341.44,,58958.12,31353.45,,First Bank,3104600671,2002-03-23,active,LAGOS_GOV
LGS10106,Fatima Bello,Finance,GL-12,28,442356.28,61374.68,50942.18,79544.77,,,GTBank,2641195532,2018-12-21,ACTIVE,LAGOS_GOV
LGS10107,Babatunde Raji,Finance,GL-10,14,547180.16,68458.9,94944.39,29396.17,11187.34,,GTBank,3460095197,2021-03-29,active,LAGOS_GOV
LGS10108,Ngozi Williams,,GL-14,5,769449.15,116463.5,93816.4,22388.83,49806.11,,Zenith,8258023295,2003-05-25,Active,LAGOS_GOV
LGS10109,Rotimi Cole,Justice,GL-06,30,760901.85,70151.16,45583.54,45265.65,21558.02,,First Bank,6678849765,1996-10-13,active,LAGOS_GOV
LGS10110,Aisha Mohammed,Finance,GL-08,25,675390.56,24449.47,88906.17,60514.81,28911.17,,Ecobank,3766778002,2018-02-22,Active,LAGOS_GOV
LGS10111,Fatima Bello,,GL-14,15,773462.13,77013.3,70544.69,46547.04,14096.28,,GTBank,8831792070,2020-11-15,RETIRED,LAGOS_GOV
LGS10112,Babatunde Raji,Works,GL-12,19,141369.78,48808.21,45106.58,44509.34,,,Ecobank,9439699648,2005-02-16,RETIRED,LAGOS_GOV
LGS10113,Aisha Mohammed,Health,GL-16,31,62213.1,186862.78,98878.96,74550.32,19727.69,,GTBank,4410462744,1998-06-01,Deceased,LAGOS_GOV
LGS10114,Rotimi Cole,Housing,GL-10,11,142743.16,99983.54,16487.34,10884.64,23477.96,,GTBank,3124872068,1997-01-12,RETIRED,LAGOS_GOV
LGS10115,Fatima Bello,Justice,GL-16,31,202658.81,,28674.58,37202.65,14934.65,,Ecobank,3299773836,2000-09-30,Active,LAGOS_GOV
LGS10116,Ngozi Williams,Education,GL-06,6,148504.45,80036.3,30538.06,58197.84,7367.03,,Ecobank,9007080831,2005-06-14,ACTIVE,LAGOS_GOV
LGS10117,Emeka Chisom,Works,GL-10,8,735009.86,46381.44,,38201.35,39334.47,,GTBank,4739365303,2019-09-14,Deceased,LAGOS_GOV
LGS10118,Ngozi Williams,Finance,GL-16,-1,492172.81,81025.34,74735.63,32542.53,49926.26,,Zenith,3016299568,2019-01-17,active,LAGOS_GOV
LGS10119,Babatunde Raji,Justice,GL-14,6,82478.2,92990.49,81256.6,74738.19,12166.88,,First Bank,4633971637,2014-03-31,Active,LAGOS_GOV
LGS10120,Ngozi Williams,Finance,GL-08,11,296924.88,103340.91,93005.04,56302.74,21227.64,,UBA,5678258029,1996-11-12,active,LAGOS_GOV
LGS10121,Babatunde Raji,,GL-08,13,355042.69,145691.97,81991.57,38446.63,13637.57,,UBA,1975727997,1996-03-18,Deceased,LAGOS_GOV
LGS10122,Ngozi Williams,Agriculture,GL-16,32,631892.95,,74395.87,30917.3,31642.56,,First Bank,7552492274,2020-03-21,Active,LAGOS_GOV
LGS10123,Babatunde Raji,Finance,GL-14,5,142694.67,,75791.32,42351.57,,,Ecobank,1782596680,2010-06-19,Active,LAGOS_GOV
LGS10124,Babatunde Raji,Works,GL-14,8,422489.33,104901.7,27145.44,6495.36,33987.4,,UBA,9259073054,2010-03-02,RETIRED,LAGOS_GOV
LGS10125,Babatunde Raji,Housing,GL-08,19,691318.96,116870.84,,60834.09,19505.82,,Zenith,7641289848,2014-05-29,Active,LAGOS_GOV
LGS10126,Aisha Mohammed,Justice,GL-12,23,435882.14,115984.81,25551.51,68704.14,16440.1,,GTBank,2361078864,1999-08-19,active,LAGOS_GOV
LGS10127,Emeka Chisom,Health,GL-08,7,482539.17,95309.62,,26992.82,15784.72,,Ecobank,4701220811,2020-04-19,ACTIVE,LAGOS_GOV
LGS10128,Aisha Mohammed,,GL-06,23,378727.68,193449.51,89206.02,45529.16,24791.79,,Sterling,6671630117,2012-12-25,Deceased,LAGOS_GOV
LGS10129,Ngozi Williams,Finance,GL-12,6,209169.13,175691.7,,60016.41,26845.56,,Ecobank,3940842911,2013-02-10,ACTIVE,LAGOS_GOV
LGS10130,Fatima Bello,Agriculture,GL-08,6,397931.57,194304.34,29579.29,14005.52,7008.96,,UBA,4456149559,1998-06-10,ACTIVE,LAGOS_GOV
LGS10131,Fatima Bello,Health,GL-08,10,796739.02,49359.33,78668.73,44190.25,5475.22,,Sterling,2836823238,2007-01-24,active,LAGOS_GOV
LGS10132,Emeka Chisom,Transport,GL-12,20,382312.55,,63502.38,26640.62,46826.52,,Sterling,9702294414,1996-06-04,RETIRED,LAGOS_GOV
LGS10133,Fatima Bello,Housing,GL-08,8,370340.5,49234.42,24346.48,40369.62,37213.79,,Sterling,1681358373,2008-04-06,Deceased,LAGOS_GOV
LGS10134,Fatima Bello,Housing,GL-08,3,245387.63,119706.2,26876.54,44334.17,47607.65,,UBA,5339618063,2005-02-27,ACTIVE,LAGOS_GOV
LGS10135,Rotimi Cole,Education,GL-08,20,592982.38,,,64367.7,30761.17,,Ecobank,9973025806,2001-06-10,Deceased,LAGOS_GOV
LGS10136,Aisha Mohammed,Works,GL-12,32,596173.93,29592.69,26629.44,35634.37,38735.24,,UBA,9818472120,2016-01-03,Active,LAGOS_GOV
LGS10137,Aisha Mohammed,Finance,GL-12,30,409214.74,89620.82,51809.72,46073.69,,,Zenith,8107577450,2018-04-19,RETIRED,LAGOS_GOV
LGS10138,Emeka Chisom,Housing,GL-06,19,621384.09,126339.34,19066.58,31118.84,11895.3,,First Bank,1416058075,2004-03-05,RETIRED,LAGOS_GOV
LGS10139,Emeka Chisom,Works,GL-16,29,176023.26,29926.23,65413.93,11490.81,24896.87,,Access,1075061230,2009-05-08,RETIRED,LAGOS_GOV
LGS10140,Aisha Mohammed,Finance,GL-10,15,444185.55,29132.78,95284.76,63408.51,41510.39,,UBA,4685413010,2014-08-07,active,LAGOS_GOV
LGS10141,Rotimi Cole,Education,GL-10,24,602554.4,137577.14,99211.24,64303.44,6028.55,,Ecobank,3806369594,2018-02-27,active,LAGOS_GOV
LGS10142,Aisha Mohammed,Housing,GL-06,32,184123.26,103073.05,,18530.83,,,First Bank,5642421124,2016-09-23,ACTIVE,LAGOS_GOV
LGS10143,Babatunde Raji,Health,GL-12,-1,340482.88,51072.35,90660.89,51191.34,37810.12,,GTBank,7086171590,2016-11-22,RETIRED,LAGOS_GOV
LGS10144,Ngozi Williams,Justice,GL-14,29,633797.71,74014.35,49595.04,61412.15,41883.09,,First Bank,8678459994,2013-06-20,RETIRED,LAGOS_GOV
LGS10145,Emeka Chisom,Health,GL-12,16,675784.7,47490.72,73846.81,37287.36,36812.72,,Ecobank,4547885642,2010-09-03,Deceased,LAGOS_GOV
LGS10146,Ngozi Williams,Housing,GL-12,12,636452.21,169879.65,,19712.66,17421.1,,Ecobank,2466464227,2014-06-24,active,LAGOS_GOV
LGS10147,Babatunde Raji,Health,GL-06,9,736275.96,,92487.3,53175.82,8161.2,,Ecobank,1700278509,2003-02-04,Active,LAGOS_GOV
LGS10148,Ngozi Williams,Finance,GL-10,6,495079.92,82380.26,99161.23,20803.15,15250.44,,Ecobank,5752561056,2004-03-01,ACTIVE,LAGOS_GOV
LGS10149,Aisha Mohammed,Housing,GL-06,0,334824.67,153436.18,76867.87,46188.73,35470.3,,UBA,8854151425,2017-07-10,Deceased,LAGOS_GOV
LGS10150,Ngozi Williams,Education,GL-10,6,429423.09,103792.18,,44359.91,19004.61,,Ecobank,2243562356,2016-01-29,active,LAGOS_GOV
LGS10151,Rotimi Cole,Health,GL-14,7,217213.53,104873.98,,55311.08,33569.41,,Zenith,1542579571,2020-09-29,ACTIVE,LAGOS_GOV
LGS10152,Aisha Mohammed,Justice,GL-08,15,113296.62,27877.77,41542.83,19320.35,42063.87,,UBA,9147661805,2010-07-28,RETIRED,LAGOS_GOV
LGS10153,Emeka Chisom,Finance,GL-08,3,210807.2,167164.65,48111.6,41195.66,14153.54,,First Bank,3551123095,2017-03-10,ACTIVE,LAGOS_GOV
LGS10154,Aisha Mohammed,Health,GL-12,26,702081.5,120456.43,23028.53,17884.19,45376.19,,GTBank,3023189661,2000-03-09,RETIRED,LAGOS_GOV
LGS10155,Babatunde Raji,Justice,GL-14,4,792474.98,137847.87,69742.58,34583.95,19334.89,,Access,5816659796,2009-06-09,Deceased,LAGOS_GOV
LGS10156,Babatunde Raji,Health,GL-14,22,510221.77,56725.61,,16459.93,39025.3,,First Bank,5279684963,2010-10-16,RETIRED,LAGOS_GOV
LGS10157,Ngozi Williams,,GL-08,12,341327.31,198920.33,24009.1,15759.29,20074.89,,Access,7844452368,2000-07-29,Active,LAGOS_GOV
LGS10158,Ngozi Williams,Works,GL-10,13,424568.47,100745.22,,5514.98,11561.14,,Zenith,1380769954,2008-09-05,Active,LAGOS_GOV
LGS10159,Aisha Mohammed,Finance,GL-16,8,395422.4,198234.39,,26365.81,48835.97,,Ecobank,1412428174,1996-10-27,active,LAGOS_GOV
LGS10160,Babatunde Raji,Education,GL-14,26,328037.69,48941.65,42426.52,77728.59,,,First Bank,6126884648,2005-10-06,Active,LAGOS_GOV
LGS10161,Babatunde Raji,Works,GL-14,25,583432.77,,37320.7,70303.6,,,Access,8003072746,2020-08-20,Deceased,LAGOS_GOV
LGS10162,Aisha Mohammed,Finance,GL-16,12,670961.3,,,10023.33,21232.08,,Sterling,3917771290,2003-01-22,active,LAGOS_GOV
LGS10163,Rotimi Cole,Education,GL-14,1,789494.37,45833.43,57909.18,31333.69,5932.38,,Access,6371700495,2011-09-05,active,LAGOS_GOV
LGS10164,Emeka Chisom,Agriculture,GL-12,15,92781.39,165129.46,21255.52,77095.74,32129.33,,Zenith,8339007542,2017-11-14,active,LAGOS_GOV
LGS10165,Rotimi Cole,Finance,GL-12,4,591919.16,,70545.73,60467.79,46182.03,,Ecobank,7746715050,2021-06-01,Active,LAGOS_GOV
LGS10166,Ngozi Williams,,GL-16,12,125078.38,191634.85,96649.0,49199.77,14133.14,,Zenith,6697033073,2003-12-03,Deceased,LAGOS_GOV
LGS10167,Emeka Chisom,,GL-08,1,148645.99,122273.31,95481.23,36190.34,8070.65,,Access,5472700447,2018-09-13,ACTIVE,LAGOS_GOV
LGS10168,Babatunde Raji,Health,GL-10,8,198843.31,30923.11,41845.59,65259.9,8648.15,,Access,9419325420,2011-11-12,Deceased,LAGOS_GOV
LGS10169,Ngozi Williams,Health,GL-10,1,750959.75,55795.41,26970.41,18872.03,13422.04,,Zenith,5124806055,2018-05-14,ACTIVE,LAGOS_GOV
LGS10170,Rotimi Cole,Education,GL-08,13,129306.02,73049.5,,75208.58,11204.28,,First Bank,4434789861,2017-05-30,RETIRED,LAGOS_GOV
LGS10171,Aisha Mohammed,Housing,GL-06,14,138197.97,,71462.44,63453.46,32811.73,,GTBank,3819340941,2011-02-05,active,LAGOS_GOV
LGS10172,Ngozi Williams,Justice,GL-16,12,573333.43,99819.69,87917.43,47839.82,45542.18,,Sterling,8774207108,2012-12-12,ACTIVE,LAGOS_GOV
LGS10173,Emeka Chisom,Works,GL-14,9,504836.32,50381.04,30066.31,51321.66,28012.92,,GTBank,2798006327,2002-11-30,Active,LAGOS_GOV
LGS10174,Babatunde Raji,Transport,GL-06,34,222363.63,54515.48,97171.12,42777.15,,,First Bank,4454541558,2010-11-25,active,LAGOS_GOV
LGS10175,Rotimi Cole,Education,GL-06,7,51095.78,157777.34,,38627.99,,,GTBank,9089112701,2022-05-06,active,LAGOS_GOV
LGS10176,Emeka Chisom,Health,GL-06,22,206091.31,81358.62,,69709.41,32446.48,,UBA,2582329594,2018-08-10,Active,LAGOS_GOV
LGS10177,Fatima Bello,Transport,GL-08,21,734502.72,194503.87,85608.8,58885.71,6221.54,,UBA,2790304537,2006-03-08,Active,LAGOS_GOV
LGS10178,Ngozi Williams,Transport,GL-10,31,664520.82,121288.93,91527.01,27794.17,37465.88,,Zenith,8943494512,2001-03-29,Active,LAGOS_GOV
LGS10179,Rotimi Cole,Works,GL-16,20,86864.36,178656.42,19620.33,62209.87,,,GTBank,5748540159,2016-12-09,ACTIVE,LAGOS_GOV
LGS10180,Aisha Mohammed,Works,GL-14,0,426088.64,,51961.6,13148.7,31869.08,,Access,3598235444,2017-07-19,Active,LAGOS_GOV
LGS10181,Rotimi Cole,,GL-16,4,339921.07,98575.21,,72609.43,,,GTBank,5278918981,1999-02-03,ACTIVE,LAGOS_GOV
LGS10182,Aisha Mohammed,Works,GL-06,17,480838.57,,33962.85,55505.98,43777.72,,First Bank,9749816171,2011-08-16,Active,LAGOS_GOV
LGS10183,Ngozi Williams,Health,GL-10,10,468284.19,118378.82,97649.41,31032.8,28299.31,,UBA,6190751238,2014-03-01,Active,LAGOS_GOV
LGS10184,Emeka Chisom,Justice,GL-08,15,52045.64,87137.46,89884.13,11584.64,31401.32,,UBA,4948223414,1997-12-01,Active,LAGOS_GOV
LGS10185,Rotimi Cole,Finance,GL-08,3,200124.89,69901.02,63568.87,13964.69,33811.57,,Zenith,9633070493,1998-10-22,RETIRED,LAGOS_GOV
LGS10186,Babatunde Raji,Justice,GL-08,34,436483.56,70559.41,55623.62,13532.04,11772.06,,Sterling,6150215853,2009-03-29,active,LAGOS_GOV
LGS10187,Rotimi Cole,Transport,GL-16,13,217311.39,44041.34,70848.13,79928.16,47694.65,,First Bank,6374502161,2008-03-30,ACTIVE,LAGOS_GOV
LGS10188,Ngozi Williams,Health,GL-06,9,542929.6,63965.29,41744.01,70784.06,13403.98,,Sterling,7220406230,2017-01-05,Active,LAGOS_GOV
LGS10189,Ngozi Williams,Agriculture,GL-06,16,158167.27,177106.02,,63059.31,7106.76,,First Bank,8271341312,2001-08-16,Deceased,LAGOS_GOV
LGS10190,Babatunde Raji,Transport,GL-16,20,458554.21,54713.67,42874.48,65135.0,42661.23,,Ecobank,3607101793,2008-02-08,active,LAGOS_GOV
LGS10191,Aisha Mohammed,Finance,GL-10,-1,669178.02,162210.41,93131.78,15511.08,22599.58,,First Bank,7469046822,2013-02-08,Deceased,LAGOS_GOV
LGS10192,Babatunde Raji,Transport,GL-12,15,273257.13,63849.45,86791.62,51987.15,31263.82,,GTBank,6533983495,2001-08-04,Deceased,LAGOS_GOV
LGS10193,Aisha Mohammed,Health,GL-12,33,83733.19,154327.24,95572.56,28141.16,38525.28,,GTBank,1051662364,2018-09-26,active,LAGOS_GOV
LGS10194,Rotimi Cole,Transport,GL-08,11,684074.84,126640.92,24266.99,20646.26,6304.52,,Access,9923059049,2020-02-19,active,LAGOS_GOV
LGS10195,Rotimi Cole,Transport,GL-10,29,138616.45,41371.42,55314.94,51911.13,48047.75,,First Bank,5165948322,2002-02-03,active,LAGOS_GOV
LGS10196,Ngozi Williams,Works,GL-14,26,366442.13,39902.34,,19985.33,29743.39,,Ecobank,1139711399,1996-07-12,RETIRED,LAGOS_GOV
LGS10197,Rotimi Cole,Transport,GL-06,18,321737.02,40429.79,63501.31,9018.39,19257.28,,UBA,3230068428,2010-08-03,Deceased,LAGOS_GOV
LGS10198,Babatunde Raji,Finance,GL-10,1,464789.73,154812.2,88010.0,43957.58,6368.32,,Zenith,8230730009,2017-11-23,ACTIVE,LAGOS_GOV
LGS10199,Fatima Bello,Transport,GL-12,34,577606.98,167152.62,59314.58,62283.22,9808.3,,First Bank,6840778261,2017-08-11,Active,LAGOS_GOV
LGS10200,Emeka Chisom,Health,GL-12,4,329261.13,136189.11,79439.03,77960.9,37520.99,,GTBank,7351728894,2017-04-07,Deceased,LAGOS_GOV
LGS10201,Aisha Mohammed,Education,GL-10,30,494522.67,34259.53,57949.31,42097.82,,,Zenith,2146204231,1997-03-07,active,LAGOS_GOV
LGS10202,Ngozi Williams,Health,GL-10,21,636615.92,186024.09,50058.62,79911.01,30072.83,,GTBank,4465453453,2014-11-26,Active,LAGOS_GOV
LGS10203,Aisha Mohammed,Justice,GL-10,15,426924.54,158509.57,76929.5,73380.7,47661.26,,GTBank,4900182007,1997-03-31,Deceased,LAGOS_GOV
LGS10204,Babatunde Raji,Education,GL-12,14,373823.48,,51346.2,62614.06,11782.08,,Ecobank,9606028115,2007-03-30,Active,LAGOS_GOV
LGS10205,Ngozi Williams,Health,GL-14,16,718080.31,,,74119.45,33704.65,,First Bank,3670663591,2014-11-20,active,LAGOS_GOV
LGS10206,Aisha Mohammed,,GL-12,7,555108.43,20173.06,72250.5,48639.98,20168.07,,GTBank,8209254675,2010-06-06,Deceased,LAGOS_GOV
LGS10207,Emeka Chisom,,GL-16,22,504120.76,162371.97,72466.15,21938.86,37461.13,,First Bank,4817259331,2022-04-15,RETIRED,LAGOS_GOV
LGS10208,Aisha Mohammed,Education,GL-06,13,496252.6,59631.62,75507.45,74929.03,13857.53,,Ecobank,7899083792,2008-06-22,active,LAGOS_GOV
LGS10209,Rotimi Cole,Agriculture,GL-08,32,346162.62,68441.15,99696.58,44017.0,,,GTBank,9195710205,2008-05-16,Deceased,LAGOS_GOV
LGS10210,Rotimi Cole,Housing,GL-16,5,332963.47,54457.66,,58115.33,42790.06,,Ecobank,6576388617,2009-03-05,Deceased,LAGOS_GOV
LGS10211,Babatunde Raji,Finance,GL-06,10,178372.9,,82083.13,37081.78,49909.4,,Sterling,6050816661,2017-05-22,Deceased,LAGOS_GOV
LGS10212,Rotimi Cole,Justice,GL-16,18,574551.24,99594.49,94927.28,69860.63,16805.19,,First Bank,3524321072,2020-06-30,active,LAGOS_GOV
LGS10213,Rotimi Cole,Works,GL-12,32,99550.67,98595.36,37428.31,10155.16,21288.52,,Zenith,3375296814,2000-09-28,Deceased,LAGOS_GOV
LGS10214,Fatima Bello,Works,GL-08,14,709420.23,,42537.68,78028.39,47623.27,,Sterling,2566135669,2010-11-19,RETIRED,LAGOS_GOV
LGS10215,Emeka Chisom,Transport,GL-16,-1,443967.56,137022.94,53594.11,50020.72,32941.81,,Zenith,8858970267,2012-07-02,active,LAGOS_GOV
LGS10216,Rotimi Cole,Works,GL-06,-1,276855.9,178570.94,98952.27,43048.0,9857.62,,UBA,2042276210,2004-01-13,RETIRED,LAGOS_GOV
LGS10217,Rotimi Cole,Health,GL-10,14,51835.36,184790.12,15223.82,22887.98,49666.23,,GTBank,9354932938,1996-08-14,Deceased,LAGOS_GOV
LGS10218,Ngozi Williams,Agriculture,GL-06,33,61856.21,,49980.43,50412.43,21992.48,,Zenith,6516757953,2008-05-02,Deceased,LAGOS_GOV
LGS10219,Emeka Chisom,Health,GL-06,23,150937.24,,82158.51,30232.02,35958.5,,Access,5919904019,2012-01-06,Deceased,LAGOS_GOV
LGS10220,Emeka Chisom,Transport,GL-16,29,651609.61,134794.28,70507.14,23347.79,32688.93,,Access,8780107318,2021-11-17,Deceased,LAGOS_GOV
LGS10221,Babatunde Raji,Finance,GL-12,6,388270.4,195542.03,97755.23,37276.1,26202.81,,GTBank,6995682491,2015-02-11,ACTIVE,LAGOS_GOV
LGS10222,Aisha Mohammed,Finance,GL-08,13,555833.5,121635.89,35728.04,46847.97,39059.94,,GTBank,4210254797,2019-09-12,active,LAGOS_GOV
LGS10223,Emeka Chisom,Housing,GL-12,2,305851.88,,53108.24,66492.5,25865.73,,GTBank,5783234289,2020-10-06,Active,LAGOS_GOV
LGS10224,Fatima Bello,Justice,GL-12,1,433133.12,109363.7,55501.24,77110.01,6282.11,,First Bank,3510667272,2010-12-29,RETIRED,LAGOS_GOV
LGS10225,Babatunde Raji,Agriculture,GL-06,19,601826.96,188581.72,85410.56,54409.86,46310.15,,Sterling,7530456661,2015-03-21,active,LAGOS_GOV
LGS10226,Babatunde Raji,Finance,GL-06,12,375420.04,90810.54,82755.33,50177.17,41625.34,,First Bank,8004198636,1996-04-18,ACTIVE,LAGOS_GOV
LGS10227,Ngozi Williams,Agriculture,GL-10,18,535240.21,,55995.81,41016.59,39224.62,,UBA,3184099905,1999-07-30,RETIRED,LAGOS_GOV
LGS10228,Aisha Mohammed,Justice,GL-06,26,286747.96,72300.43,64907.07,16090.13,6252.72,,Access,4376051436,1996-09-09,RETIRED,LAGOS_GOV
LGS10229,Fatima Bello,Education,GL-08,1,195102.45,60175.78,63952.33,78442.39,,,UBA,6573973961,2000-10-19,Deceased,LAGOS_GOV
LGS10230,Aisha Mohammed,Agriculture,GL-06,1,443144.72,26946.07,88474.66,5108.21,49333.69,,GTBank,8247548512,2005-05-03,RETIRED,LAGOS_GOV
LGS10231,Ngozi Williams,Housing,GL-08,-1,758683.73,,38288.86,38008.65,47201.11,,First Bank,4742499831,2014-04-25,RETIRED,LAGOS_GOV
LGS10232,Emeka Chisom,Housing,GL-10,30,429329.21,154332.82,82326.88,72039.15,6940.95,,UBA,6916381476,2003-12-11,RETIRED,LAGOS_GOV
LGS10233,Ngozi Williams,Housing,GL-16,9,484497.75,81679.29,41029.06,67131.26,,,GTBank,5528713593,2004-07-06,ACTIVE,LAGOS_GOV
LGS10234,Babatunde Raji,Transport,GL-08,3,564095.76,41938.24,30768.42,40320.44,32597.81,,Ecobank,1747737958,2006-11-26,Deceased,LAGOS_GOV
LGS10235,Babatunde Raji,Justice,GL-14,33,162506.86,,87601.59,59954.55,11889.08,,Sterling,1699448463,2004-03-28,Deceased,LAGOS_GOV
LGS10236,Emeka Chisom,Transport,GL-10,28,616509.43,,93318.6,71310.69,17413.1,,Zenith,6984710044,2010-11-12,ACTIVE,LAGOS_GOV
LGS10237,Aisha Mohammed,Health,GL-16,17,755539.71,135813.39,37664.78,30035.67,5019.05,,Access,6209240358,1996-03-23,RETIRED,LAGOS_GOV
LGS10238,Aisha Mohammed,Finance,GL-12,14,783565.65,90611.69,,33190.65,16504.3,,Zenith,3061525485,1995-05-07,ACTIVE,LAGOS_GOV
LGS10239,Aisha Mohammed,,GL-14,24,771556.14,94415.9,60246.66,32495.41,13877.27,,Zenith,6951388222,2015-12-12,Deceased,LAGOS_GOV
LGS10240,Aisha Mohammed,Transport,GL-16,19,498150.23,110820.59,18527.48,77153.53,30707.94,,Sterling,6435956525,2000-09-03,Active,LAGOS_GOV
LGS10241,Ngozi Williams,Agriculture,GL-08,26,224598.3,188986.24,73872.03,46458.93,35747.43,,Access,6392503179,2020-02-18,ACTIVE,LAGOS_GOV
LGS10242,Emeka Chisom,Works,GL-10,28,240931.91,151482.19,,37861.31,12349.13,,Sterling,3980625086,1996-12-07,active,LAGOS_GOV
LGS10243,Emeka Chisom,,GL-08,34,102888.36,189199.55,34278.55,9300.83,34624.03,,GTBank,5689912255,2018-01-26,Active,LAGOS_GOV
LGS10244,Aisha Mohammed,Education,GL-06,33,255436.37,63603.71,50147.85,26374.58,22876.15,,Access,1161152597,2019-03-18,ACTIVE,LAGOS_GOV
LGS10245,Emeka Chisom,Agriculture,GL-06,25,230187.2,146176.86,77526.49,10238.45,23688.98,,Sterling,5684670550,1997-09-18,ACTIVE,LAGOS_GOV
LGS10246,Babatunde Raji,Finance,GL-10,31,497390.29,95213.63,42151.99,59177.45,33186.3,,Zenith,8837318061,2019-05-12,RETIRED,LAGOS_GOV
LGS10247,Emeka Chisom,Justice,GL-16,30,365767.85,82507.13,99088.94,14320.78,47231.17,,Sterling,9530005908,1999-03-17,ACTIVE,LAGOS_GOV
LGS10248,Ngozi Williams,Transport,GL-14,20,121969.6,148136.39,66235.16,49676.79,14058.57,,Sterling,9717651218,2018-10-01,ACTIVE,LAGOS_GOV
LGS10249,Emeka Chisom,Education,GL-12,24,611163.1,91758.93,54544.13,30236.11,15417.73,,UBA,3264096187,2009-02-08,Deceased,LAGOS_GOV
LGS10250,Emeka Chisom,Housing,GL-12,17,526587.1,25590.48,51486.41,26843.92,22670.37,,GTBank,7270358866,2009-11-08,Active,LAGOS_GOV
LGS10251,Ngozi Williams,Transport,GL-12,16,257227.61,93406.42,90689.08,75188.48,,,GTBank,4616548797,2020-01-31,Deceased,LAGOS_GOV
LGS10252,Emeka Chisom,Housing,GL-10,33,176308.39,197713.21,,25171.57,12074.61,,Sterling,5234062179,1999-05-07,Deceased,LAGOS_GOV
LGS10253,Ngozi Williams,Education,GL-10,12,398313.9,87894.55,28363.59,69343.64,25709.21,,Access,5187561725,2000-01-13,Active,LAGOS_GOV
LGS10254,Rotimi Cole,Finance,GL-14,24,52838.83,37130.22,97563.17,67202.03,35880.62,,Sterling,6439322387,2004-10-21,Active,LAGOS_GOV
LGS10255,Emeka Chisom,Agriculture,GL-06,8,194373.52,22179.11,56363.29,62882.99,39185.33,,GTBank,1276682687,2019-02-08,Active,LAGOS_GOV
LGS10256,Ngozi Williams,Housing,GL-14,24,757488.27,165233.75,48396.15,71719.58,18908.05,,Sterling,2768242912,2013-07-28,Active,LAGOS_GOV
LGS10257,Fatima Bello,Health,GL-14,14,769276.96,147952.73,25968.1,12042.48,6589.43,,Sterling,6964152400,2013-10-18,Deceased,LAGOS_GOV
LGS10258,Ngozi Williams,Transport,GL-16,-1,465741.47,123075.05,42642.45,73242.22,,,UBA,2985815505,2010-10-14,Deceased,LAGOS_GOV
LGS10259,Aisha Mohammed,Health,GL-10,27,75817.71,130135.68,20870.72,75904.22,,,UBA,5101039473,2005-02-16,ACTIVE,LAGOS_GOV
LGS10260,Aisha Mohammed,Education,GL-16,-1,485679.32,35980.99,45132.37,21648.57,43815.19,,GTBank,5242936133,2006-01-23,ACTIVE,LAGOS_GOV
LGS10261,Emeka Chisom,Works,GL-14,32,498321.13,142280.44,39870.57,77343.34,33099.63,,UBA,7145102409,2015-07-01,Deceased,LAGOS_GOV
LGS10262,Aisha Mohammed,Finance,GL-14,7,713032.17,138571.55,76392.35,16243.6,11986.63,,First Bank,1370876914,2020-07-22,Deceased,LAGOS_GOV
LGS10263,Babatunde Raji,Justice,GL-14,16,107153.44,79599.5,99421.62,60046.35,5327.35,,GTBank,9452194348,2013-05-02,Deceased,LAGOS_GOV
LGS10264,Fatima Bello,Finance,GL-08,4,225293.87,94295.78,29168.08,44680.45,19879.94,,GTBank,8378760735,2008-01-22,Active,LAGOS_GOV
LGS10265,Emeka Chisom,Finance,GL-14,19,725463.81,140652.43,16150.97,50571.86,29546.34,,Ecobank,6420127755,2000-11-17,active,LAGOS_GOV
LGS10266,Aisha Mohammed,Transport,GL-16,21,122514.62,44228.79,17254.5,57540.14,43393.66,,Zenith,9092038193,2002-10-31,Active,LAGOS_GOV
LGS10267,Rotimi Cole,Transport,GL-12,27,358897.76,155531.17,69123.85,62331.04,39282.22,,Access,1212329250,2004-05-30,ACTIVE,LAGOS_GOV
LGS10268,Ngozi Williams,Works,GL-06,29,407607.64,,36339.9,43864.87,10539.41,,GTBank,7063402457,2002-03-08,Active,LAGOS_GOV
LGS10269,Ngozi Williams,Finance,GL-12,7,378546.74,135710.95,84525.45,37007.36,38635.35,,Sterling,5197192375,2020-05-04,Active,LAGOS_GOV
LGS10270,Rotimi Cole,Agriculture,GL-16,4,774034.54,76815.86,68652.15,8012.83,27510.06,,Ecobank,8569663447,2018-11-10,Deceased,LAGOS_GOV
LGS10271,Rotimi Cole,Finance,GL-12,30,363991.9,147234.71,71688.91,68377.86,17147.15,,Sterling,3359809137,2007-07-28,Deceased,LAGOS_GOV
LGS10272,Rotimi Cole,Transport,GL-06,21,538240.64,26592.01,83869.3,32551.18,48684.23,,Zenith,6220647484,2019-05-01,RETIRED,LAGOS_GOV
LGS10273,Emeka Chisom,Transport,GL-12,21,213212.55,94280.53,52143.25,19834.3,45421.71,,UBA,7189991406,2006-07-23,ACTIVE,LAGOS_GOV
LGS10274,Ngozi Williams,Finance,GL-14,10,363614.01,90574.13,99422.28,15319.93,35404.51,,Sterling,7290997723,2019-04-16,Deceased,LAGOS_GOV
LGS10275,Rotimi Cole,Justice,GL-12,6,509196.81,187335.51,,65809.85,23687.39,,Zenith,1702994499,2012-05-31,ACTIVE,LAGOS_GOV
LGS10276,Rotimi Cole,,GL-08,17,787104.49,175909.83,95416.78,66622.22,8051.54,,Sterling,1507698434,2014-12-27,RETIRED,LAGOS_GOV
LGS10277,Ngozi Williams,Agriculture,GL-08,12,384568.45,179925.14,51925.7,18348.71,9334.67,,Access,4338038293,2010-02-27,ACTIVE,LAGOS_GOV
LGS10278,Rotimi Cole,Transport,GL-14,1,638948.26,84132.03,68067.81,36798.4,14267.75,,Ecobank,6526350277,2016-03-19,RETIRED,LAGOS_GOV
LGS10279,Rotimi Cole,Finance,GL-14,25,359709.15,52096.4,21549.49,44974.03,20919.15,,GTBank,9396482779,2021-07-04,RETIRED,LAGOS_GOV
LGS10280,Emeka Chisom,Works,GL-08,17,784801.38,146406.52,93228.18,60780.53,,,First Bank,3630047414,2001-10-29,RETIRED,LAGOS_GOV
LGS10281,Babatunde Raji,Health,GL-14,32,541303.74,131857.67,82709.47,49916.4,,,UBA,6806695461,2020-02-10,RETIRED,LAGOS_GOV
LGS10282,Emeka Chisom,Transport,GL-06,34,405280.46,122751.41,79429.64,19818.3,5098.42,,UBA,9658529844,2019-07-03,active,LAGOS_GOV
LGS10283,Emeka Chisom,Works,GL-10,21,758494.52,163279.15,28977.48,63176.7,15631.71,,GTBank,1015295167,2020-07-10,Active,LAGOS_GOV
LGS10284,Ngozi Williams,Health,GL-06,21,692856.1,63623.07,87541.75,64047.34,21156.29,,Access,6664100090,2005-02-07,Active,LAGOS_GOV
LGS10285,Ngozi Williams,Justice,GL-06,9,402172.32,71788.45,44841.77,14476.33,40946.91,,Sterling,8288537185,2011-08-16,ACTIVE,LAGOS_GOV
LGS10286,Ngozi Williams,Finance,GL-08,6,699131.45,191891.41,18348.62,75384.31,42961.2,,UBA,9992248173,2018-09-28,Deceased,LAGOS_GOV
LGS10287,Fatima Bello,Housing,GL-16,22,745439.11,64838.11,27913.88,62903.79,47934.98,,First Bank,5594917783,2007-09-03,Active,LAGOS_GOV
LGS10288,Aisha Mohammed,Housing,GL-14,32,640164.39,180644.04,98407.74,77860.08,,,Zenith,5046655291,1996-01-12,active,LAGOS_GOV
LGS10289,Fatima Bello,Justice,GL-08,18,378948.32,39695.72,55168.62,53952.29,40147.36,,UBA,6535475678,2021-02-16,ACTIVE,LAGOS_GOV
LGS10290,Babatunde Raji,Works,GL-06,2,383329.88,53931.9,47404.42,11316.79,8289.29,,UBA,1558759271,2010-09-21,RETIRED,LAGOS_GOV
LGS10291,Fatima Bello,Health,GL-06,13,307413.31,56786.65,54366.58,79663.72,8404.14,,First Bank,3693771616,2007-12-23,Deceased,LAGOS_GOV
LGS10292,Aisha Mohammed,Health,GL-12,20,241665.69,66909.07,30876.44,28903.58,40305.09,,Access,6809803740,2014-07-08,Active,LAGOS_GOV
LGS10293,Emeka Chisom,Agriculture,GL-10,26,638007.71,,36786.45,39233.41,32253.85,,Zenith,6498589487,2017-04-19,ACTIVE,LAGOS_GOV
LGS10294,Emeka Chisom,Education,GL-06,8,694052.7,,42323.97,37163.77,,,Zenith,5291751821,2006-02-03,RETIRED,LAGOS_GOV
LGS10295,Aisha Mohammed,Works,GL-10,9,697391.48,,,69134.41,39802.99,,UBA,3888875292,2013-06-04,Active,LAGOS_GOV
LGS10296,Babatunde Raji,Works,GL-12,4,76347.65,132273.74,16956.73,33849.91,37242.97,,UBA,7847236230,2004-09-21,ACTIVE,LAGOS_GOV
LGS10297,Ngozi Williams,Justice,GL-06,23,119545.57,190532.53,85789.75,60494.33,11977.29,,UBA,4690095561,2000-10-08,ACTIVE,LAGOS_GOV
LGS10298,Rotimi Cole,Agriculture,GL-14,12,55985.21,53353.2,62601.87,13259.13,8796.41,,Sterling,1881370031,1998-09-02,ACTIVE,LAGOS_GOV
LGS10299,Aisha Mohammed,Finance,GL-14,21,362963.99,147308.76,28366.49,48603.42,44409.66,,UBA,6135114009,2008-07-31,RETIRED,LAGOS_GOV
LGS10300,Fatima Bello,Health,GL-12,12,553171.89,88641.52,76350.91,73034.69,42431.24,,UBA,6451715546,1996-09-04,Deceased,LAGOS_GOV
LGS10301,Ngozi Williams,Education,GL-06,6,257752.43,102437.26,53981.09,68234.03,29931.31,,GTBank,6552956173,1996-02-04,active,LAGOS_GOV
LGS10302,Ngozi Williams,Education,GL-06,11,108432.51,102312.55,75316.39,69806.48,47043.2,,Zenith,3626098042,2008-09-22,active,LAGOS_GOV
LGS10303,Ngozi Williams,Housing,GL-06,27,198755.13,,67514.9,43336.84,,,Sterling,7746750593,2011-03-31,RETIRED,LAGOS_GOV
LGS10304,Fatima Bello,Agriculture,GL-16,32,397207.77,140498.2,33604.85,64911.02,28598.17,,UBA,6704383666,2021-10-21,active,LAGOS_GOV
LGS10305,Aisha Mohammed,Transport,GL-06,15,161331.17,184995.73,42688.11,31346.14,14680.18,,GTBank,3039411947,1997-01-21,RETIRED,LAGOS_GOV
LGS10306,Emeka Chisom,Housing,GL-16,24,264300.35,96113.32,90029.32,23760.74,29590.8,,Sterling,1991833457,2015-07-09,Deceased,LAGOS_GOV
LGS10307,Ngozi Williams,Justice,GL-08,13,544879.34,,67947.02,17406.21,20631.28,,UBA,7604873347,2005-11-10,RETIRED,LAGOS_GOV
LGS10308,Fatima Bello,Transport,GL-06,8,375880.77,119955.83,,68122.02,41208.23,,Sterling,8723843056,2009-03-09,RETIRED,LAGOS_GOV
LGS10309,Emeka Chisom,Housing,GL-12,34,319730.53,34668.42,16101.86,60319.78,49740.0,,Sterling,9340017449,1995-09-13,RETIRED,LAGOS_GOV
LGS10310,Rotimi Cole,Finance,GL-16,28,101958.36,43450.13,,69761.44,38870.53,,GTBank,6635091749,2015-03-21,ACTIVE,LAGOS_GOV
LGS10311,Ngozi Williams,Housing,GL-16,10,295072.1,157399.43,96954.2,67943.66,29357.41,,Sterling,3194539325,2001-10-28,active,LAGOS_GOV
LGS10312,Babatunde Raji,Justice,GL-14,20,59947.74,90810.71,84477.43,73398.45,43549.65,,UBA,6454698408,2019-07-27,active,LAGOS_GOV
LGS10313,Fatima Bello,Transport,GL-12,10,59036.77,55668.16,29551.6,24802.98,23614.11,,First Bank,3984110414,2019-03-05,active,LAGOS_GOV
LGS10314,Babatunde Raji,Justice,GL-12,26,330877.27,,42971.69,40117.84,,,Access,2569943781,2014-12-01,active,LAGOS_GOV
LGS10315,Emeka Chisom,Transport,GL-10,17,90302.57,172528.1,42507.41,24623.68,,,GTBank,9697293803,2016-05-19,RETIRED,LAGOS_GOV
LGS10316,Fatima Bello,Housing,GL-08,12,790772.43,124314.8,,70521.87,15706.33,,Ecobank,4614280833,1996-04-13,ACTIVE,LAGOS_GOV
LGS10317,Rotimi Cole,Education,GL-08,23,318058.36,191773.38,99689.49,61246.52,45304.83,,UBA,7275767598,2018-12-03,Deceased,LAGOS_GOV
LGS10318,Fatima Bello,Finance,GL-14,12,84110.72,187841.67,30440.03,76156.05,46927.61,,Sterling,5684787288,2001-01-15,Active,LAGOS_GOV
LGS10319,Emeka Chisom,Works,GL-12,25,506464.63,99029.52,16226.58,66455.99,18717.48,,Access,2135423005,2013-06-26,ACTIVE,LAGOS_GOV
LGS10320,Babatunde Raji,Education,GL-14,31,535166.98,86814.05,,11523.5,19261.92,,GTBank,9698429739,2006-09-05,Deceased,LAGOS_GOV
LGS10321,Ngozi Williams,Finance,GL-12,34,579493.09,,73814.84,72298.04,32635.18,,Sterling,3587644251,1996-10-25,ACTIVE,LAGOS_GOV
LGS10322,Aisha Mohammed,Transport,GL-10,31,237512.72,41564.64,57460.42,28675.8,10738.52,,First Bank,8535613053,2019-09-28,Deceased,LAGOS_GOV
LGS10323,Rotimi Cole,Justice,GL-14,0,748180.28,152735.11,57198.31,48682.6,39666.18,,Ecobank,1755134645,2007-03-16,ACTIVE,LAGOS_GOV
LGS10324,Emeka Chisom,Education,GL-16,22,200172.21,149154.83,56930.1,52847.55,22643.39,,Ecobank,5568824270,1999-09-03,RETIRED,LAGOS_GOV
LGS10325,Emeka Chisom,Health,GL-16,28,153750.31,159178.75,71412.69,16787.53,17830.35,,Zenith,1880455354,2014-03-26,ACTIVE,LAGOS_GOV
LGS10326,Aisha Mohammed,Transport,GL-08,14,529109.94,141397.83,29603.66,8828.93,34190.0,,Sterling,3498549010,2017-01-17,RETIRED,LAGOS_GOV
LGS10327,Babatunde Raji,Education,GL-12,15,415670.97,188211.24,75638.09,20618.42,17467.95,,Ecobank,8280001327,2019-09-07,ACTIVE,LAGOS_GOV
LGS10328,Fatima Bello,Education,GL-16,12,53391.09,98920.77,88378.72,67218.19,34471.03,,Access,5628215780,2013-08-15,ACTIVE,LAGOS_GOV
LGS10329,Rotimi Cole,Health,GL-16,33,612887.37,171004.41,95547.22,55045.17,43300.33,,GTBank,5095338415,2008-06-23,RETIRED,LAGOS_GOV
LGS10330,Rotimi Cole,Finance,GL-08,4,716202.5,,27966.78,59235.16,,,Ecobank,6872605751,2009-06-28,ACTIVE,LAGOS_GOV
LGS10331,Rotimi Cole,Finance,GL-14,14,77873.39,108831.75,82127.81,27868.02,,,Ecobank,9372204075,1996-05-30,RETIRED,LAGOS_GOV
LGS10332,Rotimi Cole,Housing,GL-12,12,364229.85,75334.42,48173.81,55046.54,46718.38,,Access,9006001766,2008-12-24,Deceased,LAGOS_GOV
LGS10333,Emeka Chisom,Education,GL-06,6,610898.24,143483.38,17967.76,29523.85,,,Ecobank,1057992598,2018-11-10,Deceased,LAGOS_GOV
LGS10334,Aisha Mohammed,Education,GL-14,18,227878.21,30239.28,,70803.31,22350.02,,GTBank,8360755337,2020-12-18,active,LAGOS_GOV
LGS10335,Aisha Mohammed,Education,GL-12,3,60109.13,,27651.02,61231.49,13795.74,,Access,6080171039,1995-09-08,Active,LAGOS_GOV
LGS10336,Fatima Bello,Health,GL-10,4,233895.66,172918.85,,46359.41,36683.37,,Zenith,8360868879,2006-09-19,ACTIVE,LAGOS_GOV
LGS10337,Aisha Mohammed,Health,GL-06,2,647356.07,128052.96,77122.13,44908.58,,,GTBank,9585863461,1996-09-12,Active,LAGOS_GOV
LGS10338,Babatunde Raji,Finance,GL-06,1,763336.58,75552.85,16202.21,14633.03,31002.06,,Sterling,6799874388,1998-03-13,Deceased,LAGOS_GOV
LGS10339,Fatima Bello,Justice,GL-12,22,321580.61,194846.44,52973.24,65057.98,47224.82,,Sterling,5622852200,2001-12-05,Active,LAGOS_GOV
LGS10340,Fatima Bello,Housing,GL-10,32,431521.81,29655.98,86158.67,65729.35,5432.26,,Access,4102143935,2004-09-16,ACTIVE,LAGOS_GOV
LGS10341,Ngozi Williams,Justice,GL-12,16,727444.34,155696.37,,50266.36,36742.63,,UBA,7472183843,1997-09-28,Deceased,LAGOS_GOV
LGS10342,Babatunde Raji,Housing,GL-10,16,507093.54,103642.16,66203.19,19698.8,13707.57,,Sterling,2623946523,2005-01-07,active,LAGOS_GOV
LGS10343,Ngozi Williams,Housing,GL-06,20,415730.87,185588.55,57562.44,51244.75,31946.59,,Sterling,8397724831,1998-12-19,ACTIVE,LAGOS_GOV
LGS10344,Ngozi Williams,Health,GL-08,12,497523.03,191650.19,,50603.26,35568.38,,First Bank,3054688171,2002-09-27,RETIRED,LAGOS_GOV
LGS10345,Ngozi Williams,Health,GL-16,13,104758.15,52883.52,16745.41,50578.81,,,Zenith,8097238997,1997-05-31,ACTIVE,LAGOS_GOV
LGS10346,Ngozi Williams,Works,GL-06,17,608634.37,96343.68,91507.61,52345.89,29493.35,,GTBank,2111517367,2010-05-31,active,LAGOS_GOV
LGS10347,Babatunde Raji,Agriculture,GL-14,29,663048.19,33058.78,,11427.22,8379.28,,UBA,3045767001,2013-12-21,ACTIVE,LAGOS_GOV
LGS10348,Emeka Chisom,Works,GL-06,23,793570.16,53594.94,73393.26,19250.76,21129.92,,Ecobank,2406984268,2011-01-23,ACTIVE,LAGOS_GOV
LGS10349,Rotimi Cole,Education,GL-08,14,146109.4,178528.4,54310.88,77937.97,22165.74,,Zenith,9522589401,2017-10-11,Deceased,LAGOS_GOV
LGS10350,Aisha Mohammed,Justice,GL-10,16,213682.99,,15862.7,25273.58,46638.53,,UBA,6151301824,2013-06-21,RETIRED,LAGOS_GOV
LGS10351,Emeka Chisom,Finance,GL-12,22,107731.95,111409.86,93188.69,15330.64,41314.02,,Sterling,3174332349,1995-08-30,Deceased,LAGOS_GOV
LGS10352,Fatima Bello,,GL-10,18,431142.47,,93330.84,41772.9,12590.23,,Access,9002020741,2015-12-11,ACTIVE,LAGOS_GOV
LGS10353,Emeka Chisom,Finance,GL-08,7,190578.01,146688.46,,68123.85,41898.11,,UBA,2614866037,2019-11-05,ACTIVE,LAGOS_GOV
LGS10354,Ngozi Williams,Education,GL-12,4,316848.71,147500.43,50111.07,63508.92,20295.99,,UBA,1213031962,2004-12-21,RETIRED,LAGOS_GOV
LGS10355,Fatima Bello,Works,GL-12,22,695103.47,163069.15,37530.13,13255.47,20474.95,,Sterling,7255306645,2007-04-22,Deceased,LAGOS_GOV
LGS10356,Ngozi Williams,Justice,GL-10,6,328782.58,72265.45,50767.43,74233.52,48797.36,,GTBank,8751113423,2017-05-02,active,LAGOS_GOV
LGS10357,Emeka Chisom,Housing,GL-14,19,701035.55,39856.73,55736.76,45284.65,34609.24,,Access,9371515927,2000-03-22,ACTIVE,LAGOS_GOV
LGS10358,Rotimi Cole,Agriculture,GL-16,16,258609.4,153991.61,47152.76,37606.48,31491.15,,Ecobank,4969184952,2011-07-18,Deceased,LAGOS_GOV
LGS10359,Fatima Bello,Works,GL-10,-1,109192.03,115449.49,19535.19,37264.35,12283.97,,Sterling,5104722874,2018-07-11,Deceased,LAGOS_GOV
LGS10360,Fatima Bello,Finance,GL-10,15,315922.94,119077.81,60586.53,41493.8,49171.3,,Sterling,8288468350,2010-06-26,RETIRED,LAGOS_GOV
LGS10361,Rotimi Cole,Education,GL-14,24,208002.14,109251.48,54525.93,47203.05,38493.33,,Sterling,1116999772,2003-05-30,active,LAGOS_GOV
LGS10362,Rotimi Cole,Transport,GL-14,5,107341.51,56556.89,42028.64,17612.19,11052.27,,Ecobank,8007731681,2014-06-30,active,LAGOS_GOV
LGS10363,Babatunde Raji,Agriculture,GL-12,14,672054.13,,56594.1,35319.96,16649.77,,GTBank,8956729261,2009-02-09,ACTIVE,LAGOS_GOV
LGS10364,Fatima Bello,Finance,GL-16,32,437096.14,23097.83,43294.6,5820.58,28301.48,,Ecobank,6362025314,2003-10-02,active,LAGOS_GOV
LGS10365,Emeka Chisom,Justice,GL-16,8,470846.29,81006.4,16846.84,10418.01,5411.2,,Sterling,6099435369,2000-02-15,Deceased,LAGOS_GOV
LGS10366,Ngozi Williams,Works,GL-06,29,326299.49,36074.56,16117.3,6517.06,11449.82,,Zenith,6222023537,2016-07-11,RETIRED,LAGOS_GOV
LGS10367,Rotimi Cole,Agriculture,GL-06,18,396171.55,73444.18,70560.29,56602.42,15328.57,,UBA,6163699340,2012-02-08,active,LAGOS_GOV
LGS10368,Ngozi Williams,Agriculture,GL-06,6,203330.61,48402.81,79039.65,49430.72,11842.29,,Ecobank,4976292744,2001-06-12,RETIRED,LAGOS_GOV
LGS10369,Fatima Bello,Agriculture,GL-10,23,258077.5,166570.51,97807.18,34734.95,15006.03,,UBA,4573990660,2016-08-06,RETIRED,LAGOS_GOV
LGS10370,Babatunde Raji,Works,GL-12,24,635086.23,,,6357.53,26061.59,,First Bank,7427721502,2014-11-02,RETIRED,LAGOS_GOV
LGS10371,Ngozi Williams,Finance,GL-14,2,644969.05,,54008.47,42230.27,23435.26,,Sterling,9505957872,2019-01-24,Deceased,LAGOS_GOV
LGS10372,Fatima Bello,Transport,GL-16,30,323497.27,187272.99,95116.55,14581.29,17943.06,,First Bank,5488725950,2016-02-08,Active,LAGOS_GOV
LGS10373,Emeka Chisom,Finance,GL-10,6,623941.41,,,68936.2,46397.88,,Access,6480561695,1998-06-15,ACTIVE,LAGOS_GOV
LGS10374,Fatima Bello,Transport,GL-08,8,371503.19,,,52679.44,41375.34,,Sterling,9004952624,2010-03-25,RETIRED,LAGOS_GOV
LGS10375,Babatunde Raji,Justice,GL-10,9,53914.86,177801.06,86921.08,20703.45,26753.29,,Ecobank,7387829877,2001-05-19,Deceased,LAGOS_GOV
LGS10376,Ngozi Williams,Finance,GL-16,7,531519.23,68132.35,26855.41,46156.2,24216.91,,GTBank,7941479845,2020-02-19,ACTIVE,LAGOS_GOV
LGS10377,Fatima Bello,Works,GL-10,10,556846.28,156726.0,77156.57,24909.38,43195.38,,Access,5808413701,2013-07-18,Deceased,LAGOS_GOV
LGS10378,Fatima Bello,Education,GL-10,24,432979.65,,45223.02,39750.59,15857.34,,UBA,9483059533,2017-01-27,ACTIVE,LAGOS_GOV
LGS10379,Rotimi Cole,Agriculture,GL-08,12,186488.17,45222.05,63975.72,21044.16,10206.51,,Access,4064086638,2017-08-15,ACTIVE,LAGOS_GOV
LGS10380,Aisha Mohammed,Justice,GL-06,32,631246.13,167580.63,98931.12,18624.62,25473.29,,GTBank,6086566790,2012-11-15,RETIRED,LAGOS_GOV
LGS10381,Rotimi Cole,Education,GL-12,27,439797.96,167092.38,28222.5,25976.88,39851.75,,Sterling,4363239755,2006-06-01,RETIRED,LAGOS_GOV
LGS10382,Babatunde Raji,Agriculture,GL-14,14,198802.26,,78464.89,9434.85,,,Zenith,3706132087,2009-08-25,active,LAGOS_GOV
LGS10383,Aisha Mohammed,Housing,GL-08,3,598980.56,180273.86,58535.25,57785.0,16115.6,,GTBank,2465199873,1999-12-08,ACTIVE,LAGOS_GOV
LGS10384,Rotimi Cole,Justice,GL-08,30,318275.62,,24217.39,6883.15,45666.1,,First Bank,3878523826,1997-07-23,ACTIVE,LAGOS_GOV
LGS10385,Babatunde Raji,Agriculture,GL-16,8,233551.81,29038.29,76427.23,26575.02,41134.74,,GTBank,4016710555,2012-04-09,active,LAGOS_GOV
LGS10386,Emeka Chisom,Housing,GL-10,21,653875.28,164532.15,31220.05,13860.89,32906.43,,GTBank,8818286648,2005-03-10,ACTIVE,LAGOS_GOV
LGS10387,Ngozi Williams,Agriculture,GL-12,1,428950.02,176893.03,,43041.65,25903.47,,GTBank,1267798492,1998-01-05,Deceased,LAGOS_GOV
LGS10388,Emeka Chisom,Housing,GL-16,21,96618.48,40342.63,91396.04,58789.4,10148.8,,Ecobank,6458803419,2016-09-02,RETIRED,LAGOS_GOV
LGS10389,Ngozi Williams,Finance,GL-12,30,588994.2,84201.24,34913.19,27129.57,43713.41,,UBA,9028969147,2011-07-13,Deceased,LAGOS_GOV
LGS10390,Rotimi Cole,Agriculture,GL-16,19,284044.24,147473.67,87989.04,39874.74,,,GTBank,2041013295,1996-04-14,ACTIVE,LAGOS_GOV
LGS10391,Fatima Bello,Transport,GL-14,14,250029.62,,,30018.6,,,UBA,5623154195,1996-04-26,Deceased,LAGOS_GOV
LGS10392,Aisha Mohammed,Transport,GL-16,4,450191.98,45516.24,67778.73,50970.68,20659.09,,UBA,7027063743,1995-01-19,RETIRED,LAGOS_GOV
LGS10393,Babatunde Raji,Finance,GL-06,30,167772.83,68315.76,,58685.4,26777.95,,Access,7572195864,2004-08-25,ACTIVE,LAGOS_GOV
LGS10394,Rotimi Cole,Finance,GL-14,32,735956.47,,,11154.66,47452.82,,First Bank,9208635587,1995-04-25,ACTIVE,LAGOS_GOV
LGS10395,Fatima Bello,Finance,GL-16,32,643517.16,140180.68,42179.75,62434.71,24611.23,,First Bank,1413335616,2002-01-31,Active,LAGOS_GOV
LGS10396,Fatima Bello,Justice,GL-08,5,345824.77,72552.41,64096.12,52591.14,30826.75,,GTBank,7920018087,2012-08-25,RETIRED,LAGOS_GOV
LGS10397,Emeka Chisom,Justice,GL-06,9,358905.41,57707.43,,33536.74,36522.74,,Access,6165157763,2003-04-16,RETIRED,LAGOS_GOV
LGS10398,Ngozi Williams,Justice,GL-14,25,261578.91,144296.72,65513.75,56688.85,17208.4,,Zenith,3104314481,2003-12-12,ACTIVE,LAGOS_GOV
LGS10399,Babatunde Raji,Housing,GL-14,26,175710.62,73059.05,27947.03,23729.52,7000.15,,Zenith,1806606670,2002-02-27,Active,LAGOS_GOV
LGS10218,Ngozi Williams,Agriculture,GL-06,33,61856.21,,49980.43,50412.43,21992.48,,Zenith,6516757953,2008-05-02,Deceased,LAGOS_GOV
LGS10191,Aisha Mohammed,Finance,GL-10,-1,669178.02,162210.41,93131.78,15511.08,22599.58,,First Bank,7469046822,2013-02-08,Deceased,LAGOS_GOV
LGS10117,Emeka Chisom,Works,GL-10,8,735009.86,46381.44,,38201.35,39334.47,,GTBank,4739365303,2019-09-14,Deceased,LAGOS_GOV
LGS10050,Emeka Chisom,Education,GL-06,4,551561.23,106646.01,16600.9,33697.37,19031.79,,Zenith,5258030621,2018-06-19,Deceased,LAGOS_GOV
LGS10348,Emeka Chisom,Works,GL-06,23,793570.16,53594.94,73393.26,19250.76,21129.92,,Ecobank,2406984268,2011-01-23,ACTIVE,LAGOS_GOV
LGS10282,Emeka Chisom,Transport,GL-06,34,405280.46,122751.41,79429.64,19818.3,5098.42,,UBA,9658529844,2019-07-03,active,LAGOS_GOV
LGS10195,Rotimi Cole,Transport,GL-10,29,138616.45,41371.42,55314.94,51911.13,48047.75,,First Bank,5165948322,2002-02-03,active,LAGOS_GOV
LGS10327,Babatunde Raji,Education,GL-12,15,415670.97,188211.24,75638.09,20618.42,17467.95,,Ecobank,8280001327,2019-09-07,ACTIVE,LAGOS_GOV
LGS10123,Babatunde Raji,Finance,GL-14,5,142694.67,,75791.32,42351.57,,,Ecobank,1782596680,2010-06-19,Active,LAGOS_GOV
LGS10363,Babatunde Raji,Agriculture,GL-12,14,672054.13,,56594.1,35319.96,16649.77,,GTBank,8956729261,2009-02-09,ACTIVE,LAGOS_GOV
LGS10308,Fatima Bello,Transport,GL-06,8,375880.77,119955.83,,68122.02,41208.23,,Sterling,8723843056,2009-03-09,RETIRED,LAGOS_GOV
LGS10161,Babatunde Raji,Works,GL-14,25,583432.77,,37320.7,70303.6,,,Access,8003072746,2020-08-20,Deceased,LAGOS_GOV
